language pair	# of users
en-fr	211
en-it	200
de-en	197
en-es	186
de-ru	184
en-pl	182
en-ru	175
es-it	164
es-fr	159
fr-it	154
en-zh	154
en-nl	153
de-fr	152
en-pt	152
es-pt	151
ru-uk	143
fr-ru	140
cs-en	139
ca-es	138
en-ko	136
en-uk	133
en-yue	132
af-en	130
da-en	130
en-is	128
cs-fr	127
cs-es	126
en-la	126
da-is	126
en-lt	126
cs-it	125
ca-en	124
de-nl	124
yue-zh	124
bn-en	123
en-zh-hant	121
en-sv	120
ca-fr	118
en-grc	118
de-la	117
grc-la	117
fr-uk	117
en-or	117
ca-it	116
de-uk	116
ca-oc	115
en-oc	115
es-oc	115
fr-oc	115
it-oc	114
en-zh-hans	114
en-et	114
zh-hans-zh-hant	113
yue-zh-hant	112
li-nl	112
de-grc	111
en-li	111
de-et	110
ca-cs	110
cs-oc	110
ast-es	110
ast-en	110
et-la	109
af-nl	109
et-grc	108
de-lt	107
en-mg	106
fr-mg	106
en-no	105
af-li	105
es-mg	105
de-de-at	101
ab-en	100
ab-af	99
en-ja	88
en-nn	77
az-tr	77
el-en	74
it-sv	73
fr-nl	70
ar-en	67
en-fa	66
en-fi	64
en-hr	64
de-el	61
en-id	60
de-pl	60
no-sv	59
ar-fr	58
fr-pt	56
nn-sv	56
als-de	55
nb-nn	54
en-tr	54
als-en	53
en-nb	53
it-pt	49
de-pt	49
de-es	48
nn-no	48
es-gl	47
de-it	46
de-ksh	45
ar-nl	44
en-gl	43
diq-tr	42
en-ksh	42
az-en	42
el-fr	42
en-kk	41
kk-ru	41
az-diq	41
es-eu	41
de-id	40
en-eu	40
cs-sk	39
gl-it	39
es-ja	39
es-nl	38
de-eo	38
ru-tr	38
de-sv	38
pl-ru	37
fr-ja	37
cs-de	36
en-hu	36
en-sr	36
ja-pt	36
en-simple	35
es-ro	34
fr-ro	34
en-sk	34
en-eo	34
az-fa	34
hr-sr	34
ca-eu	34
fr-pl	34
it-ro	33
az-gag	33
gag-tr	33
es-ru	33
es-pl	33
en-lv	33
lv-ru	33
fr-sv	33
diq-gag	32
ja-pl	32
af-de	32
fr-tr	32
it-ru	32
en-ro	32
it-la	31
el-es	31
en-he	31
pt-ru	31
de-tr	31
de-no	31
ja-ru	31
ru-sv	31
de-fi	31
fi-sv	31
de-hu	31
es-tr	31
it-scn	30
de-ja	30
de-zh	30
ja-zh	30
no-ru	30
pt-zh	30
ru-zh	30
de-is	30
fr-is	30
is-sv	30
pl-tr	30
fi-ru	30
is-ru	30
de-hr	30
it-ja	30
da-de	30
da-fr	30
fr-la	29
es-hr	29
ja-no	29
ja-sv	29
no-pt	29
no-zh	29
pt-sv	29
sv-zh	29
pt-ro	29
ro-ru	29
fr-no	29
en-sq	29
de-sr	29
fr-hu	29
cs-ru	29
ru-sr	29
nl-ru	29
hr-ru	29
el-it	29
es-zh	29
cs-pl	29
hu-ru	29
da-ru	29
da-sv	29
da-nl	29
ja-tr	29
lv-tr	29
en-hi	28
it-tr	28
en-mk	28
mk-ru	28
is-no	28
hr-mk	28
hr-sq	28
mk-sq	28
mk-sr	28
sq-sr	28
de-mk	28
el-mk	28
el-pl	28
el-sr	28
el-tr	28
mk-pl	28
mk-tr	28
pl-sr	28
sr-tr	28
es-hu	28
it-pl	28
el-is	28
el-nl	28
el-ru	28
es-is	28
es-mk	28
fr-mk	28
is-mk	28
is-nl	28
mk-nl	28
es-sr	28
hr-it	28
it-sr	28
es-sv	28
de-ro	28
no-pl	28
pl-sv	28
es-fi	28
de-sq	28
fi-tr	28
fr-sq	28
fr-zh	28
hr-lv	28
hr-tr	28
ja-ro	28
nl-sv	28
cs-nl	27
da-no	27
cs-tr	27
it-sk	27
pl-sk	27
sk-tr	27
de-sk	27
ru-sk	27
cs-hu	27
hu-pl	27
hu-sk	27
lv-pl	27
cs-hr	27
cs-sr	27
hr-sk	27
sk-sr	27
fr-sk	27
cs-ja	27
cs-zh	27
nl-pl	27
hu-ro	27
da-el	27
el-no	27
da-pl	27
de-lv	27
cs-el	27
cs-fi	27
cs-no	27
cs-ro	27
cs-sv	27
el-fi	27
el-ro	27
el-sk	27
el-sv	27
es-no	27
es-sk	27
fi-fr	27
fi-it	27
fi-no	27
fi-ro	27
fi-sk	27
it-no	27
no-ro	27
no-sk	27
ro-sk	27
ro-sv	27
sk-sv	27
hu-sv	27
fi-pl	27
cs-da	27
cs-is	27
cs-lv	27
cs-mk	27
cs-pt	27
cs-sq	27
da-es	27
da-fi	27
da-hr	27
da-hu	27
da-it	27
da-ja	27
da-lv	27
da-mk	27
da-pt	27
da-ro	27
da-sk	27
da-sq	27
da-sr	27
da-tr	27
da-zh	27
el-hr	27
el-hu	27
el-ja	27
el-lv	27
el-pt	27
el-sq	27
el-zh	27
es-lv	27
es-sq	27
fi-hr	27
fi-hu	27
fi-is	27
fi-ja	27
fi-lv	27
fi-mk	27
fi-nl	27
fi-pt	27
fi-sq	27
fi-sr	27
fi-zh	27
fr-hr	27
fr-lv	27
fr-sr	27
hr-hu	27
hr-is	27
hr-ja	27
hr-nl	27
hr-no	27
hr-pl	27
hr-pt	27
hr-ro	27
hr-sv	27
hr-zh	27
hu-is	27
hu-it	27
hu-ja	27
hu-lv	27
hu-mk	27
hu-nl	27
hu-no	27
hu-pt	27
hu-sq	27
hu-sr	27
hu-tr	27
hu-zh	27
is-it	27
is-ja	27
is-lv	27
is-pl	27
is-pt	27
is-ro	27
is-sk	27
is-sq	27
is-sr	27
is-tr	27
is-zh	27
it-lv	27
it-mk	27
it-nl	27
it-sq	27
it-zh	27
ja-lv	27
ja-mk	27
ja-nl	27
ja-sk	27
ja-sq	27
ja-sr	27
lv-mk	27
lv-nl	27
lv-no	27
lv-pt	27
lv-ro	27
lv-sk	27
lv-sq	27
lv-sr	27
lv-sv	27
lv-zh	27
mk-no	27
mk-pt	27
mk-ro	27
mk-sk	27
mk-sv	27
mk-zh	27
nl-no	27
nl-pt	27
nl-ro	27
nl-sk	27
nl-sq	27
nl-sr	27
nl-tr	27
nl-zh	27
no-sq	27
no-sr	27
no-tr	27
pl-pt	27
pl-ro	27
pl-sq	27
pl-zh	27
pt-sk	27
pt-sq	27
pt-sr	27
pt-tr	27
ro-sq	27
ro-sr	27
ro-tr	27
ro-zh	27
ru-sq	27
sk-sq	27
sk-zh	27
sq-sv	27
sq-tr	27
sq-zh	27
sr-sv	27
sr-zh	27
sv-tr	27
tr-zh	27
fa-tg	26
da-eo	26
eo-fr	25
be-ru	24
id-ms	24
en-tg	23
de-gsw	23
cdo-en	22
fa-ru	22
ru-tg	22
cdo-zh	21
en-th	21
ar-ja	21
bg-en	21
bg-ru	21
bs-hr	21
bs-sr	21
es-la	21
bs-en	20
en-ms	19
sh-sr	19
ar-fa	19
eo-ru	19
ja-ko	19
nb-sv	17
en-gsw	17
ar-es	17
lt-ru	17
ca-la	17
be-en	17
fr-simple	17
eo-es	16
en-tl	16
he-ru	16
ca-pt	15
eo-pt	15
ar-de	15
eo-uk	15
en-ku	15
en-sh	15
it-vec	15
ca-he	15
ca-ru	15
pl-uk	15
eo-it	14
ky-ru	14
ar-ru	14
cu-en	14
de-lb	14
en-lb	14
fr-lb	14
bg-de	14
cs-la	14
ar-pt	14
hr-sh	14
zh-zh-yue	14
en-ml	13
ka-ru	13
eml-it	13
en-hif	13
la-oc	13
ru-tt	13
be-uk	13
id-jv	13
en-te	13
eo-ia	13
tr-uk	13
tk-tr	13
es-fa	13
en-scn	13
en-ta	13
ast-fr	12
ast-it	12
ca-eo	12
eml-fr	12
eml-la	12
en-ky	12
kk-ky	12
en-ur	12
ise-it	12
bs-de	12
en-io	12
az-ru	12
bs-sh	12
hi-te	12
pl-szl	12
kk-uk	12
eo-nl	12
fr-he	12
fa-fr	12
en-en-GB	11
gl-pt	11
ca-de	11
ise-scn	11
en-sl	11
bn-hi	11
id-zh	11
bg-fr	11
hi-ur	11
fr-tl	11
en-sco	11
la-ru	11
de-he	11
es-he	11
az-tk	11
id-min	10
en-hy	10
ar-it	10
bjn-id	10
es-scn	10
fr-scn	10
de-sl	10
io-ja	10
io-ko	10
grc-it	10
en-tt	10
de-hi	10
ja-tl	10
pt-tl	10
es-tl	10
kk-tr	10
be-pl	10
da-nn	10
ko-zh	10
it-simple	10
cs-et	9
ast-ro	9
en-ka	9
egl-eml	9
egl-fr	9
egl-it	9
egl-la	9
cmn-en	9
cu-pl	9
en-ext	9
es-ext	9
de-nds	9
en-nds	9
id-pt	9
bg-uk	9
bg-da	9
en-jv	9
de-li	9
ar-tr	9
en-lad	9
es-lad	9
la-pt	9
es-simple	9
ku-tr	9
ar-pl	9
cs-eo	9
lt-lv	9
eo-lfn	9
ia-lfn	9
fr-vec	9
en-sgs	8
lt-sgs	8
ckb-en	8
cr-es	8
ca-gl	8
bg-es	8
ar-zh	8
ceb-en	8
hi-no	8
hi-ru	8
id-ru	8
id-sv	8
eo-pl	8
de-fa	8
bar-de	8
en-vec	8
eo-ja	8
el-la	8
fa-ku	8
kk-tt	8
ky-tr	8
it-uk	8
et-ru	8
fr-id	8
hy-ru	8
en-uz	8
ru-uz	8
en-vi	8
he-lad	8
he-pt	8
ar-he	8
eml-simple	8
la-simple	8
en-hrx	8
hrx-pt	8
hi-ta	8
en-tlh	8
eo-jbo	8
fr-tlh	8
it-nap	8
eo-ie	8
eo-io	8
eo-nov	8
eo-vo	8
ia-ie	8
ia-io	8
ia-jbo	8
ia-nov	8
ia-vo	8
ie-io	8
ie-jbo	8
ie-lfn	8
ie-nov	8
ie-vo	8
io-jbo	8
io-lfn	8
io-nov	8
io-vo	8
jbo-lfn	8
jbo-nov	8
jbo-vo	8
lfn-nov	8
lfn-vo	8
nov-vo	8
en-kl	8
simple-zh-hans	7
simple-zh-hant	7
ang-en	7
arz-cr	7
arz-cu	7
arz-en	7
arz-es	7
arz-ext	7
arz-ja	7
arz-ml	7
arz-pl	7
cr-cu	7
cr-en	7
cr-ext	7
cr-ja	7
cr-ml	7
cr-pl	7
cu-es	7
cu-ext	7
cu-ja	7
cu-ml	7
es-ml	7
ext-ja	7
ext-ml	7
ext-pl	7
ja-ml	7
ml-pl	7
fr-gl	7
ca-el	7
en-ga	7
eo-gsw	7
ceb-ru	7
ceb-tl	7
de-th	7
ja-th	7
th-zh	7
be-bg	7
ar-az	7
de-ko	7
ko-ru	7
en-ia	7
zh-cn-zh-hans	7
ar-ckb	7
ckb-fa	7
fa-sdh	7
ky-uk	7
ar-cs	7
ar-sk	7
ar-uk	7
az-hy	7
cs-hy	7
cs-uk	7
hy-pl	7
hy-sk	7
sk-uk	7
eo-sk	7
nan-zh	7
hr-sl	7
en-zh-Hant	7
zh-Hans-zh-Hant	7
fr-ms	7
et-it	7
en-tk	7
lad-pt	7
fi-se	7
he-it	7
he-tr	7
ta-ur	7
fa-ja	7
fa-pt	7
fr-hi	7
ms-zh	7
es-tlh	7
ja-simple	7
ja-tlh	7
simple-tlh	7
en-fo	7
ar-kl	7
es-kl	7
fr-kl	7
ja-kl	7
kl-pt	7
pt-simple	7
ang-grc	6
ang-la	6
en-en-CA	6
es-ko	6
as-bn	6
as-hi	6
ar-no	6
ar-sv	6
hi-id	6
hi-ja	6
hi-pt	6
hi-sv	6
hi-th	6
hi-zh	6
id-ja	6
id-no	6
id-th	6
id-tl	6
no-th	6
no-tl	6
pt-th	6
ru-th	6
ru-tl	6
sv-th	6
be-cu	6
bg-cu	6
cu-ru	6
cu-uk	6
bg-pl	6
el-grc	6
bg-la	6
de-sh	6
hi-ne	6
bs-ru	6
ca-ja	6
fr-ia	6
ia-ja	6
it-tl	6
ca-ro	6
en-pt-BR	6
ar-ku	6
ar-sdh	6
ar-tg	6
ckb-sdh	6
ckb-tg	6
en-sdh	6
sdh-tg	6
es-sco	6
az-cs	6
az-pl	6
az-sk	6
az-uk	6
hy-tr	6
hy-uk	6
it-sl	6
en-zh-Hans	6
pl-simple	6
he-pl	6
es-qu	6
es-sl	6
yue-zh-Hant	6
he-uk	6
de-simple	6
de-lad	6
fr-ko	6
ko-pt	6
kk-uz	6
de-ta	6
de-ur	6
es-hi	6
en-sc	6
it-sc	6
eml-en	6
cmn-zh	6
cy-en	6
da-fo	6
fo-sv	6
en-lzh	6
hi-pa	6
te-ur	6
tr-uz	6
ta-te	6
it-pms	6
ar-iu	6
ar-simple	6
ar-tlh	6
en-iu	6
es-iu	6
fa-iu	6
fa-kl	6
fa-simple	6
fa-tlh	6
fr-iu	6
iu-ja	6
iu-kl	6
iu-pt	6
iu-simple	6
iu-tlh	6
kl-simple	6
kl-tlh	6
pt-tlh	6
diq-tk	6
lt-uk	6
ang-en-CA	5
ang-en-GB	5
en-CA-en-GB	5
en-CA-grc	5
en-CA-la	5
en-GB-grc	5
en-GB-la	5
ar-cmn	5
cmn-es	5
cmn-fr	5
cmn-ru	5
ast-ca	5
ast-de	5
ast-gl	5
ast-pt	5
de-gl	5
an-en	5
an-es	5
de-ga	5
fr-ga	5
ca-nl	5
bn-or	5
hi-or	5
en-otk	5
kk-otk	5
otk-ru	5
tr-tt	5
ceb-de	5
ceb-hi	5
ceb-id	5
ceb-ja	5
ceb-no	5
ceb-pt	5
ceb-sv	5
ceb-th	5
ceb-zh	5
de-tl	5
hi-tl	5
sv-tl	5
th-tl	5
tl-zh	5
bg-mk	5
bg-cs	5
en-ne	5
bn-te	5
ca-pl	5
eo-tl	5
es-ia	5
ia-it	5
ia-pt	5
ia-tl	5
ca-sv	5
it-sdc	5
it-sdn	5
sdc-sdn	5
ckb-ku	5
ku-sdh	5
ku-tg	5
ky-tt	5
ee-en	5
bar-en	5
fa-tr	5
ar-hy	5
ar-ka	5
az-it	5
az-ka	5
cs-ka	5
hy-it	5
hy-ka	5
it-ka	5
ka-pl	5
ka-sk	5
ka-uk	5
be-de	5
eo-ro	5
eo-sv	5
et-fi	5
en-qu	5
qu-sl	5
ar-da	5
ar-fi	5
da-he	5
da-ko	5
he-ja	5
he-zh	5
it-ko	5
ko-pl	5
tk-uz	5
tt-uz	5
es-uk	5
fa-it	5
egl-simple	5
es-ta	5
es-ur	5
bat-smg-lt	5
la-nl	5
af-es	5
af-fr	5
es-id	5
fa-hi	5
fr-ur	5
fr-vi	5
sl-sr	5
zh-CN-zh-Hans	5
diq-kiu	5
fr-grc	5
la-sv	5
lzh-zh	5
en-pa	5
en-pnb	5
pnb-ur	5
az-es	5
da-la	5
en-nap	5
es-nap	5
de-te	5
es-sc	5
fr-gsw	5
gag-tk	5
crh-ru	5
crh-uk	5
en-kaa	5
kaa-kk	5
kaa-uz	5
hi-ml	4
ady-ru	4
br-fr	4
bg-pt	4
es-ga	4
ga-pt	4
as-or	4
as-rjs	4
as-rkt	4
bn-rjs	4
bn-rkt	4
hi-rjs	4
hi-rkt	4
or-rjs	4
or-rkt	4
rjs-rkt	4
en-mdf	4
mdf-ru	4
ba-tt	4
bg-it	4
bg-ro	4
bg-sv	4
en-map-bms	4
id-map-bms	4
jv-map-bms	4
fr-li	4
bo-en	4
sr-uk	4
es-vec	4
it-lt	4
ca-ia	4
ca-tl	4
fr-pt-BR	4
ca-zh	4
ca-simple	4
tt-uk	4
ka-tr	4
be-cs	4
be-eo	4
en-yi	4
eo-lt	4
eo-lv	4
lt-pl	4
en-szl	4
en-sw	4
fr-jv	4
jv-ms	4
de-hsb	4
cs-hsb	4
el-eo	4
en-rue	4
de-qu	4
cu-tr	4
es-tk	4
ar-hu	4
ar-ko	4
fi-he	4
he-hu	4
he-ko	4
he-nl	4
he-no	4
ko-tr	4
kk-tk	4
ky-tk	4
ky-uz	4
be-fr	4
be-sv	4
ca-uk	4
fa-pl	4
es-grc	4
de-pfl	4
bat-smg-en	4
als-eo	4
eo-la	4
la-sr	4
crh-tr	4
af-it	4
de-vi	4
fa-ur	4
he-ro	4
pt-sl	4
pt-uk	4
bs-es	4
bs-fr	4
en-se	4
eo-zh	4
en-zh-CN	4
en-zh-TW	4
zh-zh-Hans	4
zh-zh-Hant	4
zh-CN-zh-TW	4
hi-hif	4
hif-ne	4
en-mr	4
hi-mr	4
en-nan	4
ms-yue	4
pa-ur	4
kea-pt	4
ja-yue	4
en-sa	4
la-zh	4
cv-ru	4
fr-sh	4
es-lt	4
eo-he	4
ja-la	4
es-te	4
fa-ta	4
fa-te	4
fr-ta	4
fr-te	4
en-pms	4
fr-nap	4
az-kiu	4
kiu-tk	4
kiu-tr	4
az-fr	4
az-he	4
az-lad	4
fr-lad	4
lad-tr	4
fo-is	4
de-fo	4
it-sh	4
fr-wa	4
sh-sl	4
kaa-tk	4
kaa-ru	4
kk-lt	4
lv-uk	4
nds-nl	4
fr-ka	3
ar-ary	3
ary-en	3
ary-fr	3
fa-hy	3
bqi-en	3
bqi-fa	3
an-de	3
an-ca	3
br-es	3
ga-ru	3
az-tly	3
tly-tr	3
ba-ru	3
ar-id	3
bg-tr	3
grc-sr	3
bg-hu	3
bg-fa	3
bg-el	3
bg-grc	3
bg-sr	3
bg-bs	3
bg-hr	3
bg-sh	3
bs-mk	3
mk-sh	3
bo-zh	3
ky-otk	3
ar-ca	3
eu-fr	3
ca-vec	3
en-GB-es	3
en-GB-fr	3
nl-vls	3
gl-la	3
ca-pt-BR	3
es-pt-BR	3
de-rm	3
en-rm	3
es-rm	3
ceb-hil	3
en-hil	3
hil-tl	3
arc-en	3
cs-rue	3
ru-rue	3
bs-cs	3
bs-sk	3
cs-fur	3
fur-it	3
de-szl	3
de-ka	3
en-yo	3
en-hsb	3
eo-no	3
es-et	3
et-fr	3
rue-sk	3
cs-dsb	3
de-dsb	3
dsb-en	3
dsb-hsb	3
dsb-pl	3
hsb-pl	3
grc-ru	3
cs-sl	3
sk-sl	3
de-de-AT	3
arz-tk	3
arz-tr	3
cr-tk	3
cr-tr	3
cu-tk	3
ext-tk	3
ext-tr	3
ja-tk	3
ml-tk	3
ml-tr	3
pl-tk	3
da-sh	3
ar-el	3
el-he	3
el-ko	3
fi-ko	3
he-sv	3
hu-ko	3
ko-nl	3
ko-no	3
ko-sv	3
crh-kk	3
crh-ky	3
kk-ug	3
ky-ug	3
tk-tt	3
tk-ug	3
tt-ug	3
ug-uz	3
az-de	3
fa-sv	3
sv-uk	3
pt-pt-BR	3
el-uk	3
eo-sr	3
la-uk	3
az-crh	3
fr-hy	3
ace-id	3
af-pt	3
af-ru	3
ar-ms	3
da-uk	3
da-vi	3
de-ms	3
es-ms	3
fa-he	3
fa-nl	3
fr-sl	3
hi-nl	3
hi-pl	3
hr-kk	3
hr-uk	3
hu-sl	3
id-tr	3
ja-uk	3
kk-zh	3
ko-ro	3
ms-pt	3
nl-ur	3
ro-uk	3
ru-sl	3
ru-ur	3
uk-zh	3
bs-no	3
bs-sl	3
ca-sl	3
eml-es	3
en-gd	3
en-sjn	3
eo-ko	3
es-gd	3
fr-gd	3
ru-simple	3
se-sv	3
cmn-en-GB	3
cmn-yue	3
cmn-zh-CN	3
cmn-zh-HK	3
cmn-zh-Hans	3
cmn-zh-Hant	3
cmn-zh-MO	3
cmn-zh-MY	3
cmn-zh-SG	3
cmn-zh-TW	3
en-zh-HK	3
en-zh-MO	3
en-zh-MY	3
en-zh-SG	3
en-GB-yue	3
en-GB-zh	3
en-GB-zh-CN	3
en-GB-zh-HK	3
en-GB-zh-Hans	3
en-GB-zh-Hant	3
en-GB-zh-MO	3
en-GB-zh-MY	3
en-GB-zh-SG	3
en-GB-zh-TW	3
yue-zh-CN	3
yue-zh-HK	3
yue-zh-Hans	3
yue-zh-MO	3
yue-zh-MY	3
yue-zh-SG	3
yue-zh-TW	3
zh-zh-CN	3
zh-zh-HK	3
zh-zh-MO	3
zh-zh-MY	3
zh-zh-SG	3
zh-zh-TW	3
zh-CN-zh-HK	3
zh-CN-zh-Hant	3
zh-CN-zh-MO	3
zh-CN-zh-MY	3
zh-CN-zh-SG	3
zh-HK-zh-Hans	3
zh-HK-zh-Hant	3
zh-HK-zh-MO	3
zh-HK-zh-MY	3
zh-HK-zh-SG	3
zh-HK-zh-TW	3
zh-Hans-zh-MO	3
zh-Hans-zh-MY	3
zh-Hans-zh-SG	3
zh-Hans-zh-TW	3
zh-Hant-zh-MO	3
zh-Hant-zh-MY	3
zh-Hant-zh-SG	3
zh-Hant-zh-TW	3
zh-MO-zh-MY	3
zh-MO-zh-SG	3
zh-MO-zh-TW	3
zh-MY-zh-SG	3
zh-MY-zh-TW	3
zh-SG-zh-TW	3
am-en	3
en-GB-sco	3
en-si	3
en-ppl	3
fa-prs	3
prs-tg	3
ar-kab	3
en-kab	3
fr-kab	3
br-en	3
da-nb	3
de-hy	3
en-lmo	3
fr-lmo	3
it-lmo	3
id-yue	3
hi-pnb	3
pa-pnb	3
id-simple	3
jv-simple	3
en-kea	3
it-lij	3
ar-la	3
es-sh	3
he-la	3
he-yi	3
es-gsw	3
es-nah	3
fr-lt	3
en-krl	3
en-olo	3
fi-krl	3
fi-olo	3
krl-olo	3
la-vec	3
fr-sw	3
gag-kiu	3
en-en-gb	3
es-jv	3
fo-fr	3
fo-la	3
is-la	3
ay-en	3
ay-es	3
ay-fr	3
ay-it	3
ay-pt	3
be-it	3
be-lt	3
be-lv	3
lt-sv	3
it-roa-Tara	3
fr-pcd	3
pt-sh	3
pt-vec	3
az-ky	3
ky-lt	3
en-ota	3
kk-lv	3
kk-ota	3
lt-ota	3
lt-otk	3
lt-tr	3
ota-otk	3
ota-ru	3
ota-tr	3
ota-uk	3
otk-tr	3
otk-uk	3
en-os	3
os-ru	3
az-kk	3
az-tt	3
az-uz	3
tg-uz	3
wuu-zh	3
it-roa-tara	3
ady-en	2
bcc-bqi	2
bcc-en	2
bcc-fa	2
bcc-tg	2
bqi-tg	2
atj-fr	2
az-azb	2
azb-en	2
azb-fa	2
fr-tt	2
it-tt	2
ar-hi	2
ar-th	2
ar-tl	2
be-kk	2
bg-is	2
bg-no	2
grc-mk	2
grc-pl	2
grc-tr	2
bg-sq	2
cu-de	2
bg-fi	2
bg-ja	2
cu-mk	2
cu-sr	2
bg-nl	2
cu-fr	2
bho-hi	2
bn-ur	2
bua-de	2
bua-en	2
bua-ko	2
bua-ru	2
ar-eu	2
eu-it	2
ca-en-GB	2
en-GB-eo	2
en-vls	2
fr-vls	2
ca-lad	2
oc-pt	2
bar-es	2
cs-he	2
he-sk	2
be-yi	2
de-yi	2
pl-yi	2
ru-yi	2
rue-uk	2
cs-sh	2
pl-sh	2
sh-sk	2
el-yo	2
de-sw	2
eo-hsb	2
el-et	2
eo-fi	2
et-sv	2
fr-hsb	2
hsb-ro	2
cs-uz	2
cs-grc	2
grc-sk	2
la-sk	2
sk-szl	2
cs-vi	2
cs-ko	2
krc-ru	2
bs-da	2
no-simple	2
crh-tk	2
crh-tt	2
crh-ug	2
crh-uz	2
diq-en	2
bar-it	2
fa-uk	2
grc-scn	2
simple-zh	2
de-vep	2
en-vep	2
eo-vep	2
ru-vep	2
de-pt-BR	2
fr-sc	2
bn-de	2
bn-el	2
bn-uk	2
el-pnt	2
en-nv	2
en-pnt	2
eo-pnt	2
grc-sq	2
grc-uk	2
la-mk	2
la-sq	2
pnt-sr	2
pnt-uk	2
ace-en	2
aeb-ar	2
aeb-en	2
aeb-fr	2
de-guc	2
en-guc	2
es-guc	2
guc-he	2
guc-lad	2
guc-pt	2
af-el	2
af-hr	2
af-kk	2
af-ko	2
af-uk	2
ar-kk	2
ar-ur	2
ar-vi	2
bn-fr	2
bn-it	2
bn-ru	2
de-kk	2
el-fa	2
el-ga	2
el-hi	2
el-kk	2
es-kk	2
es-vi	2
fa-fi	2
fa-kk	2
fa-no	2
fi-ga	2
fi-uk	2
fr-kk	2
fr-th	2
ga-it	2
ga-ja	2
ga-sv	2
ga-uk	2
he-id	2
hi-it	2
hu-uk	2
id-it	2
id-kk	2
id-ko	2
id-pl	2
id-ro	2
is-uk	2
it-kk	2
it-ms	2
it-ur	2
it-vi	2
ja-kk	2
ja-ms	2
ja-vi	2
kk-ko	2
kk-ms	2
kk-pl	2
kk-pt	2
kk-ro	2
ko-ms	2
ko-uk	2
ko-vi	2
ms-pl	2
ms-ro	2
ms-ru	2
ms-tl	2
ms-tr	2
nl-uk	2
nl-vi	2
no-uk	2
no-vi	2
pl-ur	2
pl-vi	2
pt-vi	2
ro-sl	2
sl-uk	2
uk-vi	2
vi-zh	2
bs-el	2
bs-eo	2
bs-hu	2
bs-it	2
bs-ko	2
bs-pl	2
bs-qu	2
bs-simple	2
bs-sv	2
bs-zh	2
ca-eml	2
ca-fi	2
ca-fur	2
ca-gd	2
ca-hu	2
ca-ko	2
ca-no	2
ca-sr	2
cs-simple	2
en-fur	2
en-gu	2
eo-simple	2
es-fur	2
fi-sn	2
fr-fur	2
fr-kg	2
fr-sjn	2
fr-sn	2
gd-ja	2
gd-ru	2
gd-uk	2
it-tlh	2
ko-qu	2
no-se	2
pl-qu	2
qu-ru	2
qu-zh	2
ru-sjn	2
simple-sk	2
simple-sl	2
simple-sr	2
sjn-uk	2
sjn-zh	2
en-prl	2
es-prl	2
fr-prl	2
prl-pt	2
prl-zh	2
am-om	2
en-om	2
ang-sco	2
en-CA-sco	2
grc-sco	2
la-sco	2
id-su	2
es-ppl	2
ppl-pt	2
ar-prs	2
ckb-prs	2
en-prs	2
ku-prs	2
prs-sdh	2
arq-fr	2
de-mt	2
en-mt	2
it-mt	2
az-pt	2
hy-pt	2
en-mai	2
mai-ne	2
gu-hi	2
diq-ku	2
grc-pt	2
en-fil	2
fi-la	2
fo-nb	2
fo-nn	2
en-kn	2
lzh-zh-Hant	2
ja-lzh	2
de-lmo	2
es-lmo	2
la-lmo	2
de-ku	2
ja-nan	2
fa-tly	2
en-tn	2
zh-zh-hant	2
mk-sl	2
en-zza	2
en-tcy	2
kn-tcy	2
lzh-yue	2
kn-sa	2
en-tmr	2
he-tmr	2
eo-gl	2
be-es	2
eo-hr	2
lmo-pt	2
eu-ru	2
gl-ru	2
es-hy	2
es-ka	2
ru-tk	2
es-gn	2
la-sc	2
ca-id	2
gl-ro	2
ca-grc	2
grc-he	2
gl-he	2
ko-la	2
la-ro	2
en-gb-fr	2
chr-en	2
en-zh-yue	2
cmn-th	2
en-qya	2
en-zh-min-nan	2
qya-sjn	2
el-hy	2
en-gb-it	2
de-gn	2
en-gn	2
fr-kea	2
en-tokipona	2
fr-ln	2
es-yue	2
nap-scn	2
et-vro	2
fi-vro	2
en-luz	2
fa-luz	2
fa-pes	2
pes-prs	2
pes-tg	2
de-se	2
fi-nds	2
nds-se	2
nds-sv	2
et-krl	2
krl-sv	2
olo-sv	2
fr-frp	2
en-frp	2
frp-it	2
gsw-ru	2
fr-rm	2
it-rm	2
nl-simple	2
eml-vec	2
es-lzh	2
fr-pa	2
en-ilo	2
ilo-tl	2
diq-tly	2
en-gag	2
Zh-cdo	2
Zh-en	2
Zh-nan	2
cdo-nan	2
en-min	2
min-ms	2
de-jv	2
eo-vi	2
he-nap	2
fr-pms	2
pms-pt	2
ba-en	2
be-nl	2
be-ro	2
lt-ro	2
it-lad	2
lad-vec	2
la-nap	2
bs-ro	2
cy-fr	2
de-nn	2
it-nn	2
en-lij	2
es-pms	2
de-nap	2
de-scn	2
gsw-la	2
it-ta	2
it-te	2
grc-ia	2
ia-la	2
en-wa	2
grc-ja	2
he-vec	2
es-wa	2
en-jam	2
az-kaa	2
de-ky	2
kaa-ky	2
kaa-tt	2
en-kbd	2
kbd-ru	2
ky-ota	2
lv-ota	2
lv-otk	2
fo-ru	2
da-kl	2
az-lez	2
en-lez	2
lez-ru	2
de-got	2
en-got	2
fr-got	2
fr-nds	2
got-nds	2
got-nl	2
dty-hi	2
dty-hif	2
dty-ne	2
es-nb	2
de-nb	2
kaa-tr	2
fr-tun	2
api-fr	2
ar-tun	2
api-ar	2
nl-tun	2
api-nl	2
en-tun	2
api-en	2
api-tun	2
olo-ru	2
eo-os	2
als-pfl	2
en-pfl	2
ar-be	2
nl-ta	2
nl-te	2
pl-ta	2
pl-te	2
fr-sco	2
de-mn	2
mn-pt	2
gsw-hr	2
gan-zh	2
ba-it	2
az-ba	2
az-mn	2
az-sah	2
ba-kk	2
ba-mn	2
ba-sah	2
ba-uz	2
hr-la	2
hr-tt	2
kk-mn	2
kk-sah	2
mn-sah	2
mn-tt	2
mn-uz	2
sah-tt	2
sah-uz	2
uk-uz	2
sn-so	2
crh-en	2
az-cv	2
az-zh	2
cv-kk	2
cv-ky	2
cv-mn	2
cv-sah	2
cv-tt	2
cv-zh	2
ky-mn	2
ky-sah	2
ky-zh	2
mn-zh	2
ro-sh	2
ru-sh	2
sah-zh	2
tt-zh	2
ba-krc	2
ba-ky	2
krc-ky	2
krc-tt	2
krc-uz	2
ja-moz	2
sh-uk	2
lt-tt	2
lv-tt	2
bua-mn	2
ru-udm	2
hu-sh	2
de-udm	2
de-rue	2
ru-tyv	2
kk-tyv	2
ug-zh	2
la-sh	2
ady-tr	1
ang-pl	1
ckb-ur	1
br-ca	1
ast-eo	1
ast-bg	1
ast-ga	1
ast-ru	1
ast-ext	1
en-mhl	1
hi-mhl	1
Az-Azb	1
Az-Tk	1
Az-Tr	1
Az-Tt	1
Az-Ug	1
Az-Uz	1
Azb-Tk	1
Azb-Tr	1
Azb-Tt	1
Azb-Ug	1
Azb-Uz	1
Tk-Tr	1
Tk-Tt	1
Tk-Ug	1
Tk-Uz	1
Tr-Tt	1
Tr-Ug	1
Tr-Uz	1
Tt-Ug	1
Tt-Uz	1
Ug-Uz	1
ru-tly	1
ar-ceb	1
be-be-x-old	1
be-x-old-en	1
be-x-old-kk	1
be-x-old-ru	1
bg-en-GB	1
en-GB-mk	1
en-GB-ru	1
bn-ne	1
en-lo	1
lo-th	1
ca-vls	1
de-vls	1
ca-vsv	1
en-vsv	1
es-vsv	1
gl-oc	1
de-oc	1
co-en	1
co-fr	1
co-it	1
csb-de	1
csb-pl	1
arc-cs	1
arc-de	1
arc-la	1
be-sk	1
cs-yi	1
eo-yi	1
sk-yi	1
blr-cs	1
blr-pl	1
blr-sk	1
bo-cs	1
bo-ja	1
en-mat	1
mat-pl	1
el-hsb	1
eo-et	1
es-hsb	1
et-hsb	1
et-no	1
et-ro	1
et-sk	1
fi-hsb	1
hsb-it	1
hsb-no	1
hsb-ru	1
hsb-sk	1
hsb-sv	1
cs-szl	1
cs-css	1
css-en	1
css-sk	1
fr-yi	1
sk-vi	1
da-simple	1
de-diq	1
bg-ca	1
ca-fa	1
en-lus	1
de-swg	1
en-swg	1
simple-zh-Hant	1
simple-zh-Hans	1
dz-en	1
als-fr	1
ayl-bn	1
ayl-de	1
ayl-el	1
ayl-en	1
ayl-eo	1
ayl-grc	1
ayl-la	1
ayl-mk	1
ayl-nv	1
ayl-pnt	1
ayl-sq	1
ayl-sr	1
ayl-uk	1
bn-eo	1
bn-grc	1
bn-la	1
bn-mk	1
bn-nv	1
bn-pnt	1
bn-sq	1
bn-sr	1
de-nv	1
de-pnt	1
el-nv	1
eo-grc	1
eo-mk	1
eo-nv	1
eo-sq	1
grc-nv	1
grc-pnt	1
la-nv	1
la-pnt	1
mk-nv	1
mk-pnt	1
mk-uk	1
nv-pnt	1
nv-sq	1
nv-sr	1
nv-uk	1
pnt-sq	1
sq-uk	1
st-tn	1
af-ar	1
af-bg	1
af-bn	1
af-cs	1
af-da	1
af-fa	1
af-fi	1
af-ga	1
af-he	1
af-hi	1
af-hu	1
af-id	1
af-is	1
af-ja	1
af-ms	1
af-no	1
af-pl	1
af-ro	1
af-sl	1
af-sv	1
af-th	1
af-tl	1
af-tr	1
af-ur	1
af-vi	1
af-zh	1
ar-bg	1
ar-bn	1
ar-ga	1
ar-hr	1
ar-is	1
ar-ro	1
ar-sl	1
bg-bn	1
bg-ga	1
bg-he	1
bg-hi	1
bg-id	1
bg-kk	1
bg-ko	1
bg-ms	1
bg-sl	1
bg-th	1
bg-tl	1
bg-ur	1
bg-vi	1
bg-zh	1
bn-cs	1
bn-da	1
bn-es	1
bn-fa	1
bn-fi	1
bn-ga	1
bn-he	1
bn-hr	1
bn-hu	1
bn-id	1
bn-is	1
bn-ja	1
bn-kk	1
bn-ko	1
bn-ms	1
bn-nl	1
bn-no	1
bn-pl	1
bn-pt	1
bn-ro	1
bn-sl	1
bn-sv	1
bn-th	1
bn-tl	1
bn-tr	1
bn-vi	1
bn-zh	1
cs-fa	1
cs-ga	1
cs-hi	1
cs-id	1
cs-kk	1
cs-ms	1
cs-th	1
cs-tl	1
cs-ur	1
da-fa	1
da-ga	1
da-hi	1
da-id	1
da-kk	1
da-ms	1
da-sl	1
da-th	1
da-tl	1
da-ur	1
el-id	1
el-ms	1
el-sl	1
el-th	1
el-tl	1
el-ur	1
el-vi	1
es-th	1
fa-ga	1
fa-hr	1
fa-hu	1
fa-id	1
fa-is	1
fa-ko	1
fa-ms	1
fa-ro	1
fa-sl	1
fa-th	1
fa-tl	1
fa-vi	1
fa-zh	1
fi-hi	1
fi-id	1
fi-kk	1
fi-ms	1
fi-sl	1
fi-th	1
fi-tl	1
fi-ur	1
fi-vi	1
ga-he	1
ga-hi	1
ga-hr	1
ga-hu	1
ga-id	1
ga-is	1
ga-kk	1
ga-ko	1
ga-ms	1
ga-nl	1
ga-no	1
ga-pl	1
ga-ro	1
ga-sl	1
ga-th	1
ga-tl	1
ga-tr	1
ga-ur	1
ga-vi	1
ga-zh	1
he-hi	1
he-hr	1
he-is	1
he-kk	1
he-ms	1
he-sl	1
he-th	1
he-tl	1
he-ur	1
he-vi	1
hi-hr	1
hi-hu	1
hi-is	1
hi-kk	1
hi-ko	1
hi-ms	1
hi-ro	1
hi-sl	1
hi-tr	1
hi-uk	1
hi-vi	1
hr-id	1
hr-ko	1
hr-ms	1
hr-th	1
hr-tl	1
hr-ur	1
hr-vi	1
hu-id	1
hu-kk	1
hu-ms	1
hu-th	1
hu-tl	1
hu-ur	1
hu-vi	1
id-is	1
id-nl	1
id-sl	1
id-uk	1
id-ur	1
id-vi	1
is-kk	1
is-ko	1
is-ms	1
is-sl	1
is-th	1
is-tl	1
is-ur	1
is-vi	1
it-th	1
ja-sl	1
ja-ur	1
kk-nl	1
kk-no	1
kk-sl	1
kk-sv	1
kk-th	1
kk-tl	1
kk-ur	1
kk-vi	1
ko-sl	1
ko-th	1
ko-tl	1
ko-ur	1
ms-nl	1
ms-no	1
ms-sl	1
ms-sv	1
ms-th	1
ms-uk	1
ms-ur	1
ms-vi	1
nl-sl	1
nl-th	1
nl-tl	1
no-sl	1
no-ur	1
pl-sl	1
pl-th	1
pl-tl	1
pt-ur	1
ro-th	1
ro-tl	1
ro-ur	1
ro-vi	1
ru-vi	1
sl-sv	1
sl-th	1
sl-tl	1
sl-tr	1
sl-ur	1
sl-vi	1
sl-zh	1
sv-ur	1
sv-vi	1
th-tr	1
th-uk	1
th-ur	1
th-vi	1
tl-tr	1
tl-uk	1
tl-ur	1
tl-vi	1
tr-ur	1
tr-vi	1
uk-ur	1
ur-vi	1
ur-zh	1
afh-avk	1
afh-bs	1
afh-ca	1
afh-cs	1
afh-el	1
afh-eml	1
afh-en	1
afh-eo	1
afh-es	1
afh-ess	1
afh-fi	1
afh-fr	1
afh-fuf	1
afh-fur	1
afh-gd	1
afh-gu	1
afh-hu	1
afh-it	1
afh-ja	1
afh-jbo	1
afh-kg	1
afh-ko	1
afh-mus	1
afh-nds-NL	1
afh-no	1
afh-pl	1
afh-pnt	1
afh-pon	1
afh-qu	1
afh-ru	1
afh-se	1
afh-simple	1
afh-sjn	1
afh-sk	1
afh-sl	1
afh-sn	1
afh-sr	1
afh-sv	1
afh-tlh	1
afh-uk	1
afh-zh	1
avk-bs	1
avk-ca	1
avk-cs	1
avk-el	1
avk-eml	1
avk-en	1
avk-eo	1
avk-es	1
avk-ess	1
avk-fi	1
avk-fr	1
avk-fuf	1
avk-fur	1
avk-gd	1
avk-gu	1
avk-hu	1
avk-it	1
avk-ja	1
avk-jbo	1
avk-kg	1
avk-ko	1
avk-mus	1
avk-nds-NL	1
avk-no	1
avk-pl	1
avk-pnt	1
avk-pon	1
avk-qu	1
avk-ru	1
avk-se	1
avk-simple	1
avk-sjn	1
avk-sk	1
avk-sl	1
avk-sn	1
avk-sr	1
avk-sv	1
avk-tlh	1
avk-uk	1
avk-zh	1
bs-ca	1
bs-eml	1
bs-ess	1
bs-fi	1
bs-fuf	1
bs-fur	1
bs-gd	1
bs-gu	1
bs-ja	1
bs-jbo	1
bs-kg	1
bs-mus	1
bs-nds-NL	1
bs-pnt	1
bs-pon	1
bs-se	1
bs-sjn	1
bs-sn	1
bs-tlh	1
bs-uk	1
ca-ess	1
ca-fuf	1
ca-gu	1
ca-jbo	1
ca-kg	1
ca-mus	1
ca-nds-NL	1
ca-pnt	1
ca-pon	1
ca-qu	1
ca-se	1
ca-sjn	1
ca-sk	1
ca-sn	1
ca-tlh	1
cs-eml	1
cs-ess	1
cs-fuf	1
cs-gd	1
cs-gu	1
cs-jbo	1
cs-kg	1
cs-mus	1
cs-nds-NL	1
cs-pnt	1
cs-pon	1
cs-qu	1
cs-se	1
cs-sjn	1
cs-sn	1
cs-tlh	1
el-eml	1
el-ess	1
el-fuf	1
el-fur	1
el-gd	1
el-gu	1
el-jbo	1
el-kg	1
el-mus	1
el-nds-NL	1
el-pon	1
el-qu	1
el-se	1
el-simple	1
el-sjn	1
el-sn	1
el-tlh	1
eml-eo	1
eml-ess	1
eml-fi	1
eml-fuf	1
eml-fur	1
eml-gd	1
eml-gu	1
eml-hu	1
eml-ja	1
eml-jbo	1
eml-kg	1
eml-ko	1
eml-mus	1
eml-nds-NL	1
eml-no	1
eml-pl	1
eml-pnt	1
eml-pon	1
eml-qu	1
eml-ru	1
eml-se	1
eml-sjn	1
eml-sk	1
eml-sl	1
eml-sn	1
eml-sr	1
eml-sv	1
eml-tlh	1
eml-uk	1
eml-zh	1
en-ess	1
en-fuf	1
en-jbo	1
en-kg	1
en-mus	1
en-nds-NL	1
en-pon	1
en-sn	1
eo-ess	1
eo-fuf	1
eo-fur	1
eo-gd	1
eo-gu	1
eo-hu	1
eo-kg	1
eo-mus	1
eo-nds-NL	1
eo-pon	1
eo-qu	1
eo-se	1
eo-sjn	1
eo-sl	1
eo-sn	1
eo-tlh	1
es-ess	1
es-fuf	1
es-gu	1
es-jbo	1
es-kg	1
es-mus	1
es-nds-NL	1
es-pnt	1
es-pon	1
es-se	1
es-sjn	1
es-sn	1
ess-fi	1
ess-fr	1
ess-fuf	1
ess-fur	1
ess-gd	1
ess-gu	1
ess-hu	1
ess-it	1
ess-ja	1
ess-jbo	1
ess-kg	1
ess-ko	1
ess-mus	1
ess-nds-NL	1
ess-no	1
ess-pl	1
ess-pnt	1
ess-pon	1
ess-qu	1
ess-ru	1
ess-se	1
ess-simple	1
ess-sjn	1
ess-sk	1
ess-sl	1
ess-sn	1
ess-sr	1
ess-sv	1
ess-tlh	1
ess-uk	1
ess-zh	1
fi-fuf	1
fi-fur	1
fi-gd	1
fi-gu	1
fi-jbo	1
fi-kg	1
fi-mus	1
fi-nds-NL	1
fi-pnt	1
fi-pon	1
fi-qu	1
fi-simple	1
fi-sjn	1
fi-tlh	1
fr-fuf	1
fr-gu	1
fr-jbo	1
fr-mus	1
fr-nds-NL	1
fr-pnt	1
fr-pon	1
fr-qu	1
fr-se	1
fuf-fur	1
fuf-gd	1
fuf-gu	1
fuf-hu	1
fuf-it	1
fuf-ja	1
fuf-jbo	1
fuf-kg	1
fuf-ko	1
fuf-mus	1
fuf-nds-NL	1
fuf-no	1
fuf-pl	1
fuf-pnt	1
fuf-pon	1
fuf-qu	1
fuf-ru	1
fuf-se	1
fuf-simple	1
fuf-sjn	1
fuf-sk	1
fuf-sl	1
fuf-sn	1
fuf-sr	1
fuf-sv	1
fuf-tlh	1
fuf-uk	1
fuf-zh	1
fur-gd	1
fur-gu	1
fur-hu	1
fur-ja	1
fur-jbo	1
fur-kg	1
fur-ko	1
fur-mus	1
fur-nds-NL	1
fur-no	1
fur-pl	1
fur-pnt	1
fur-pon	1
fur-qu	1
fur-ru	1
fur-se	1
fur-simple	1
fur-sjn	1
fur-sk	1
fur-sl	1
fur-sn	1
fur-sr	1
fur-sv	1
fur-tlh	1
fur-uk	1
fur-zh	1
gd-gu	1
gd-hu	1
gd-it	1
gd-jbo	1
gd-kg	1
gd-ko	1
gd-mus	1
gd-nds-NL	1
gd-no	1
gd-pl	1
gd-pnt	1
gd-pon	1
gd-qu	1
gd-se	1
gd-simple	1
gd-sjn	1
gd-sk	1
gd-sl	1
gd-sn	1
gd-sr	1
gd-sv	1
gd-tlh	1
gd-zh	1
gu-hu	1
gu-it	1
gu-ja	1
gu-jbo	1
gu-kg	1
gu-ko	1
gu-mus	1
gu-nds-NL	1
gu-no	1
gu-pl	1
gu-pnt	1
gu-pon	1
gu-qu	1
gu-ru	1
gu-se	1
gu-simple	1
gu-sjn	1
gu-sk	1
gu-sl	1
gu-sn	1
gu-sr	1
gu-sv	1
gu-tlh	1
gu-uk	1
gu-zh	1
hu-jbo	1
hu-kg	1
hu-mus	1
hu-nds-NL	1
hu-pnt	1
hu-pon	1
hu-qu	1
hu-se	1
hu-simple	1
hu-sjn	1
hu-sn	1
hu-tlh	1
it-jbo	1
it-kg	1
it-mus	1
it-nds-NL	1
it-pnt	1
it-pon	1
it-qu	1
it-se	1
it-sjn	1
it-sn	1
ja-jbo	1
ja-kg	1
ja-mus	1
ja-nds-NL	1
ja-pnt	1
ja-pon	1
ja-qu	1
ja-se	1
ja-sjn	1
ja-sn	1
jbo-kg	1
jbo-ko	1
jbo-mus	1
jbo-nds-NL	1
jbo-no	1
jbo-pl	1
jbo-pnt	1
jbo-pon	1
jbo-qu	1
jbo-ru	1
jbo-se	1
jbo-simple	1
jbo-sjn	1
jbo-sk	1
jbo-sl	1
jbo-sn	1
jbo-sr	1
jbo-sv	1
jbo-tlh	1
jbo-uk	1
jbo-zh	1
kg-ko	1
kg-mus	1
kg-nds-NL	1
kg-no	1
kg-pl	1
kg-pnt	1
kg-pon	1
kg-qu	1
kg-ru	1
kg-se	1
kg-simple	1
kg-sjn	1
kg-sk	1
kg-sl	1
kg-sn	1
kg-sr	1
kg-sv	1
kg-tlh	1
kg-uk	1
kg-zh	1
ko-mus	1
ko-nds-NL	1
ko-pnt	1
ko-pon	1
ko-se	1
ko-simple	1
ko-sjn	1
ko-sk	1
ko-sn	1
ko-sr	1
ko-tlh	1
mus-nds-NL	1
mus-no	1
mus-pl	1
mus-pnt	1
mus-pon	1
mus-qu	1
mus-ru	1
mus-se	1
mus-simple	1
mus-sjn	1
mus-sk	1
mus-sl	1
mus-sn	1
mus-sr	1
mus-sv	1
mus-tlh	1
mus-uk	1
mus-zh	1
nds-NL-no	1
nds-NL-pl	1
nds-NL-pnt	1
nds-NL-pon	1
nds-NL-qu	1
nds-NL-ru	1
nds-NL-se	1
nds-NL-simple	1
nds-NL-sjn	1
nds-NL-sk	1
nds-NL-sl	1
nds-NL-sn	1
nds-NL-sr	1
nds-NL-sv	1
nds-NL-tlh	1
nds-NL-uk	1
nds-NL-zh	1
no-pnt	1
no-pon	1
no-qu	1
no-sjn	1
no-sn	1
no-tlh	1
pl-pnt	1
pl-pon	1
pl-se	1
pl-sjn	1
pl-sn	1
pl-tlh	1
pnt-pon	1
pnt-qu	1
pnt-ru	1
pnt-se	1
pnt-simple	1
pnt-sjn	1
pnt-sk	1
pnt-sl	1
pnt-sn	1
pnt-sv	1
pnt-tlh	1
pnt-zh	1
pon-qu	1
pon-ru	1
pon-se	1
pon-simple	1
pon-sjn	1
pon-sk	1
pon-sl	1
pon-sn	1
pon-sr	1
pon-sv	1
pon-tlh	1
pon-uk	1
pon-zh	1
qu-se	1
qu-simple	1
qu-sjn	1
qu-sk	1
qu-sn	1
qu-sr	1
qu-sv	1
qu-tlh	1
qu-uk	1
ru-se	1
ru-sn	1
ru-tlh	1
se-simple	1
se-sjn	1
se-sk	1
se-sl	1
se-sn	1
se-sr	1
se-tlh	1
se-uk	1
se-zh	1
simple-sjn	1
simple-sn	1
simple-sv	1
simple-uk	1
sjn-sk	1
sjn-sl	1
sjn-sn	1
sjn-sr	1
sjn-sv	1
sjn-tlh	1
sk-sn	1
sk-tlh	1
sl-sn	1
sl-tlh	1
sn-sr	1
sn-sv	1
sn-tlh	1
sn-uk	1
sn-zh	1
sr-tlh	1
sv-tlh	1
tlh-uk	1
tlh-zh	1
en-su	1
bn-hif	1
ar-arq	1
ar-shy	1
arq-ru	1
arq-shy	1
fr-shy	1
ru-shy	1
ar-mt	1
es-mt	1
fr-mt	1
ar-en-GB	1
as-en	1
az-sr	1
hy-sr	1
bh-en	1
bh-hi	1
bh-mai	1
bh-ne	1
hi-mai	1
bho-en	1
bho-hif	1
bho-mai	1
bho-ne	1
hif-mai	1
bjm-ckb	1
bjm-diq	1
bjm-hac	1
bjm-kiu	1
bjm-ku	1
bjm-lki	1
bjm-sdb	1
bjm-sdf	1
bjm-sdh	1
ckb-diq	1
ckb-hac	1
ckb-kiu	1
ckb-lki	1
ckb-sdb	1
ckb-sdf	1
diq-hac	1
diq-lki	1
diq-sdb	1
diq-sdf	1
diq-sdh	1
hac-kiu	1
hac-ku	1
hac-lki	1
hac-sdb	1
hac-sdf	1
hac-sdh	1
kiu-ku	1
kiu-lki	1
kiu-sdb	1
kiu-sdf	1
kiu-sdh	1
ku-lki	1
ku-sdb	1
ku-sdf	1
lki-sdb	1
lki-sdf	1
lki-sdh	1
sdb-sdf	1
sdb-sdh	1
sdf-sdh	1
hif-te	1
cdo-zh-CN	1
ceb-fil	1
fil-hil	1
fil-tl	1
hil-ru	1
cy-en-GB	1
cy-fi	1
cy-ja	1
en-fy	1
fy-nl	1
ja-vec	1
de-pap	1
en-pap	1
es-pap	1
nl-pap	1
de-fy	1
de-frr	1
en-frr	1
fil-pam	1
pam-tl	1
th-tts	1
en-zh-classic	1
zh-zh-classic	1
zh-classic-zh-hant	1
hif-pa	1
hif-pnb	1
hif-ur	1
en-ss	1
hi-sa	1
hi-yue	1
sa-yue	1
sa-zh	1
en-hsn	1
hsn-yue	1
hsn-zh	1
en-kha	1
en-hoc	1
hi-hoc	1
ml-ta	1
en-CA-fr	1
en-so	1
en-sat	1
hi-sat	1
or-sat	1
en-frc	1
fr-frc	1
frc-simple	1
af-ca	1
af-lfn	1
ca-lfn	1
de-lfn	1
en-lfn	1
es-lfn	1
fr-lfn	1
it-lfn	1
ko-lfn	1
lfn-pt	1
lfn-ru	1
als-pt	1
am-es	1
be-ca	1
oc-pl	1
an-fr	1
an-gl	1
an-pt	1
an-it	1
an-la	1
es-io	1
fr-io	1
io-la	1
ja-lfn	1
lfn-tl	1
de-en-gb	1
en-gb-es	1
en-gb-nl	1
en-gb-tr	1
ar-gl	1
de-eu	1
eu-gl	1
eu-la	1
eu-pt	1
eu-sv	1
gl-sv	1
ar-arc	1
arc-es	1
arn-es	1
en-mwl	1
es-mwl	1
fr-mwl	1
gl-mwl	1
mwl-pt	1
ast-eu	1
hy-tk	1
ka-tk	1
br-pt	1
gn-pt	1
es-ku	1
ca-lt	1
gl-nl	1
ca-tr	1
ca-mur	1
en-mur	1
es-mur	1
ca-cas	1
ca-da	1
da-gl	1
gl-ja	1
gl-ko	1
gl-zh	1
gl-pt-BR	1
ca-en-gb	1
ch-es	1
chr-es	1
chr-he	1
chr-ja	1
chr-zh-yue	1
es-zh-yue	1
he-zh-yue	1
ja-zh-yue	1
qya-zh	1
qya-zh-min-nan	1
sjn-zh-min-nan	1
zh-zh-min-nan	1
cy-es	1
cy-it	1
cy-pt	1
es-yi	1
ja-yi	1
ro-scn	1
es-pnb	1
en-yua	1
es-yua	1
de-ext	1
ext-fr	1
ext-pt	1
de-pt-br	1
en-pt-br	1
de-zh-min-nan	1
de-en-GB	1
en-GB-tr	1
gl-gsw	1
he-sh	1
fr-gn	1
es-fax	1
fax-gl	1
fax-pt	1
es-tokipona	1
en-ln	1
eu-zh	1
ext-la	1
eo-tr	1
en-tpi	1
eo-tpi	1
es-tpi	1
fr-tpi	1
en-nah	1
gn-it	1
es-lzz	1
ka-lzz	1
ka-pt	1
lzz-pt	1
et-zh	1
en-vro	1
et-nl	1
azb-tr	1
en-qxq	1
fa-qxq	1
luz-qxq	1
en-glk	1
en-mzn	1
fa-glk	1
fa-mzn	1
glk-mzn	1
fr-mzn	1
de-frp	1
eo-frp	1
frp-pt	1
gsw-sq	1
frp-scn	1
bi-en	1
bi-es	1
bi-fr	1
de-tlh	1
arq-ary	1
arq-de	1
arq-en	1
ary-de	1
bm-fr	1
ca-rm	1
nl-rm	1
pt-rm	1
rm-ro	1
rm-simple	1
ro-simple	1
egl-vec	1
simple-vec	1
en-mfe	1
fr-mfe	1
da-gsw	1
en-mo	1
fr-mo	1
it-mo	1
mo-ro	1
mo-ru	1
fr-sch	1
en-nrm	1
fr-nrm	1
frp-nrm	1
it-nrm	1
de-lzh	1
de-sa	1
es-sa	1
fr-lzh	1
fr-sa	1
lzh-sa	1
fr-rw	1
fr-gcf	1
kg-ln	1
es-kab	1
et-hu	1
oc-ro	1
en-rw	1
rw-sw	1
fil-fr	1
en-tly	1
gag-tly	1
cmn-ms	1
en-gom	1
gom-hi	1
en-gb-ta	1
ady-he	1
he-tokipona	1
anp-hi	1
ame-en	1
ame-id	1
bgz-en	1
bgz-id	1
bgz-ms	1
bgz-xmm	1
en-xmm	1
id-xmm	1
ms-xmm	1
ca-jv	1
en-rej	1
id-rej	1
en-ie	1
ie-it	1
ie-scn	1
en-ig	1
io-sv	1
ar-eo	1
ang-fr	1
ang-it	1
lmo-vec	1
nap-pt	1
lmo-tr	1
de-eml	1
it-lzh	1
ar-vec	1
arc-it	1
bn-bpy	1
bar-fr	1
bar-gsw	1
gsw-it	1
bar-la	1
bar-sq	1
bar-rm	1
be-hr	1
bs-pms	1
de-pms	1
el-pms	1
pms-ro	1
nap-sv	1
ca-lld	1
es-lld	1
it-lld	1
ca-lmo	1
fr-sdc	1
de-vec	1
en-lld	1
la-lld	1
lld-vec	1
no-vec	1
sv-vec	1
la-nds	1
lij-pms	1
fur-la	1
nap-zh	1
fr-lij	1
grc-lmo	1
scn-vec	1
en-to	1
fr-to	1
it-to	1
fur-vec	1
la-scn	1
la-lij	1
ia-nl	1
grc-vec	1
eml-lmo	1
lld-sv	1
scn-zh	1
lmo-rm	1
pms-vec	1
gsw-nap	1
el-scn	1
de-lij	1
de-fur	1
it-jv	1
hu-la	1
de-lld	1
ro-vec	1
gsw-nl	1
it-lb	1
el-gsw	1
es-lij	1
eo-nap	1
scn-sq	1
lmo-pms	1
la-pms	1
it-ve	1
lmo-ro	1
lmo-uk	1
eo-vec	1
ru-sc	1
lmo-nap	1
it-rgn	1
it-kea	1
it-si	1
ru-scn	1
pl-vec	1
grc-nap	1
ko-lmo	1
it-sw	1
hr-vec	1
rm-scn	1
ru-vec	1
ia-scn	1
en-roa-Tara	1
hu-scn	1
eo-pms	1
ko-sq	1
en-sdc	1
lmo-ru	1
sw-vec	1
eo-ga	1
fr-yue	1
de-sxu	1
en-sxu	1
bn-lo	1
az-lt	1
de-kaa	1
de-tk	1
kaa-lt	1
lt-tk	1
ady-kbd	1
en-ki	1
ky-lv	1
fi-gsw	1
bn-sa	1
hi-ks	1
ks-nl	1
ks-pa	1
ks-ur	1
nl-pa	1
br-kk	1
br-ru	1
en-zea	1
nl-zea	1
de-at-en	1
de-at-simple	1
en-gb-la	1
lez-uk	1
de-AT-en	1
de-AT-li	1
de-AT-nl	1
en-lrc	1
fa-lrc	1
lrc-luz	1
bqi-luz	1
es-mr	1
cv-nl	1
my-shn	1
da-got	1
da-nds	1
eo-got	1
eo-nds	1
got-vi	1
nds-vi	1
es-nn	1
nn-zh	1
fr-nn	1
nb-no	1
gn-no	1
nn-pl	1
nl-nn	1
nb-nl	1
gsw-no	1
fa-nb	1
fa-nn	1
hi-nb	1
hi-nn	1
ku-nb	1
fi-nn	1
nn-se	1
lt-no	1
en-nso	1
fr-pnb	1
en-pdc	1
pdc-ru	1
de-pdc	1
fr-pdc	1
fr-pfl	1
pdc-pfl	1
hif-simple	1
en-wym	1
pl-wym	1
pa-ru	1
pnb-ru	1
bal-ps	1
ab-es	1
ab-pt-BR	1
af-gl	1
ar-pt-BR	1
bar-eo	1
man-ru	1
man-uk	1
bra-en	1
de-sc	1
pt-sc	1
ca-nap	1
eml-he	1
eml-lad	1
eml-nap	1
la-lad	1
lad-nap	1
nap-vec	1
cr-pt	1
fr-nb	1
nb-pt	1
pt-sa	1
lb-pt	1
de-shs	1
en-shs	1
de-mff	1
de-win	1
en-mff	1
en-win	1
mff-win	1
de-ee	1
ee-es	1
ee-it	1
ee-nl	1
ee-pt	1
it-pt-BR	1
pt-seh	1
pih-pt	1
pt-BR-simple	1
et-pt	1
pt-umb	1
de-rn	1
en-rn	1
kk-rue	1
en-xmf	1
ka-xmf	1
ru-xmf	1
ar-kbd	1
fr-kbd	1
be-orv	1
be-rue	1
bg-orv	1
bg-rue	1
cu-orv	1
cu-rue	1
en-orv	1
orv-ru	1
orv-rue	1
orv-uk	1
ab-ru	1
en-gos	1
gos-nl	1
af-az	1
af-ba	1
af-la	1
af-mn	1
af-sah	1
af-tg	1
af-tt	1
af-uz	1
az-el	1
az-hr	1
az-la	1
az-tg	1
ba-de	1
ba-el	1
ba-es	1
ba-hr	1
ba-la	1
ba-tg	1
ba-uk	1
de-sah	1
de-tg	1
de-tt	1
de-uz	1
el-mn	1
el-sah	1
el-tg	1
el-tt	1
el-uz	1
en-mn	1
en-sah	1
es-mn	1
es-sah	1
es-tg	1
es-tt	1
es-uz	1
hr-mn	1
hr-sah	1
hr-tg	1
hr-uz	1
it-mn	1
it-sah	1
it-tg	1
it-uz	1
kk-la	1
kk-tg	1
la-mn	1
la-sah	1
la-tg	1
la-tt	1
la-uz	1
mn-ru	1
mn-tg	1
mn-uk	1
ru-sah	1
sah-tg	1
sah-uk	1
tg-tt	1
tg-uk	1
agx-lez	1
agx-rut	1
agx-tab	1
agx-tkr	1
lez-rut	1
lez-tab	1
lez-tkr	1
rut-tab	1
rut-tkr	1
tab-tkr	1
alt-ru	1
fa-la	1
en-CA-ru	1
en-CA-uk	1
ang-cu	1
ang-de	1
ang-non	1
ang-ru	1
ang-sq	1
ang-sr	1
cu-grc	1
cu-non	1
cu-sq	1
de-non	1
en-non	1
grc-non	1
non-ru	1
non-sq	1
non-sr	1
he-simple	1
be-he	1
be-et	1
et-he	1
ce-ru	1
ce-en	1
ce-sv	1
ce-la	1
be-sco	1
ru-sco	1
sco-uk	1
be-bn	1
arc-fr	1
arc-he	1
arc-ru	1
arc-uk	1
es-sw	1
av-en	1
av-ru	1
ar-ce	1
kbd-pt	1
ar-sn	1
ar-so	1
da-sn	1
da-so	1
fi-so	1
ar-cu	1
ar-rue	1
ar-tt	1
az-be	1
az-cu	1
az-rue	1
be-la	1
be-tr	1
be-tt	1
cu-la	1
cu-tt	1
fr-rue	1
la-pl	1
la-rue	1
la-tr	1
pl-rue	1
pl-tt	1
rue-tr	1
rue-tt	1
ar-crh	1
crh-sv	1
ar-av	1
ar-lez	1
ar-rut	1
ar-ba	1
ar-grc	1
fa-grc	1
ar-uz	1
fr-uz	1
av-de	1
av-fa	1
av-tr	1
ru-udi	1
ka-ku	1
ku-pl	1
ku-ru	1
be-tk	1
tk-uk	1
ce-tr	1
az-tkr	1
ru-tkr	1
az-sv	1
az-yi	1
he-hy	1
hy-yi	1
tr-yi	1
hy-sv	1
az-bs	1
az-id	1
az-kbd	1
az-ko	1
az-ksh	1
az-mdf	1
az-mhr	1
az-ms	1
az-nds	1
az-qu	1
az-ro	1
az-sco	1
az-sh	1
az-si	1
bs-crh	1
bs-cv	1
bs-id	1
bs-kbd	1
bs-kk	1
bs-ksh	1
bs-ky	1
bs-lad	1
bs-mdf	1
bs-mhr	1
bs-mn	1
bs-ms	1
bs-nds	1
bs-pt	1
bs-sah	1
bs-sco	1
bs-si	1
bs-tr	1
bs-tt	1
crh-cv	1
crh-id	1
crh-kbd	1
crh-ko	1
crh-ksh	1
crh-lad	1
crh-mdf	1
crh-mhr	1
crh-mn	1
crh-ms	1
crh-nds	1
crh-pl	1
crh-pt	1
crh-qu	1
crh-ro	1
crh-sah	1
crh-sco	1
crh-sh	1
crh-si	1
crh-zh	1
cv-id	1
cv-kbd	1
cv-ko	1
cv-ksh	1
cv-lad	1
cv-mdf	1
cv-mhr	1
cv-ms	1
cv-nds	1
cv-pl	1
cv-pt	1
cv-qu	1
cv-ro	1
cv-sco	1
cv-sh	1
cv-si	1
cv-tr	1
id-kbd	1
id-ksh	1
id-ky	1
id-lad	1
id-mdf	1
id-mhr	1
id-mn	1
id-nds	1
id-qu	1
id-sah	1
id-sco	1
id-sh	1
id-si	1
id-tt	1
kbd-kk	1
kbd-ko	1
kbd-ksh	1
kbd-ky	1
kbd-lad	1
kbd-mdf	1
kbd-mhr	1
kbd-mn	1
kbd-ms	1
kbd-nds	1
kbd-pl	1
kbd-qu	1
kbd-ro	1
kbd-sah	1
kbd-sco	1
kbd-sh	1
kbd-si	1
kbd-tr	1
kbd-tt	1
kbd-zh	1
kk-ksh	1
kk-lad	1
kk-mdf	1
kk-mhr	1
kk-nds	1
kk-qu	1
kk-sco	1
kk-sh	1
kk-si	1
ko-ksh	1
ko-ky	1
ko-lad	1
ko-mdf	1
ko-mhr	1
ko-mn	1
ko-nds	1
ko-sah	1
ko-sco	1
ko-sh	1
ko-si	1
ko-tt	1
ksh-ky	1
ksh-lad	1
ksh-mdf	1
ksh-mhr	1
ksh-mn	1
ksh-ms	1
ksh-nds	1
ksh-pl	1
ksh-pt	1
ksh-qu	1
ksh-ro	1
ksh-ru	1
ksh-sah	1
ksh-sco	1
ksh-sh	1
ksh-si	1
ksh-tr	1
ksh-tt	1
ksh-zh	1
ky-lad	1
ky-mdf	1
ky-mhr	1
ky-ms	1
ky-nds	1
ky-pl	1
ky-pt	1
ky-qu	1
ky-ro	1
ky-sco	1
ky-sh	1
ky-si	1
lad-mdf	1
lad-mhr	1
lad-mn	1
lad-ms	1
lad-nds	1
lad-pl	1
lad-qu	1
lad-ro	1
lad-ru	1
lad-sah	1
lad-sco	1
lad-sh	1
lad-si	1
lad-tt	1
lad-zh	1
mdf-mhr	1
mdf-mn	1
mdf-ms	1
mdf-nds	1
mdf-pl	1
mdf-pt	1
mdf-qu	1
mdf-ro	1
mdf-sah	1
mdf-sco	1
mdf-sh	1
mdf-si	1
mdf-tr	1
mdf-tt	1
mdf-zh	1
mhr-mn	1
mhr-ms	1
mhr-nds	1
mhr-pl	1
mhr-pt	1
mhr-qu	1
mhr-ro	1
mhr-ru	1
mhr-sah	1
mhr-sco	1
mhr-sh	1
mhr-si	1
mhr-tr	1
mhr-tt	1
mhr-zh	1
mn-ms	1
mn-nds	1
mn-pl	1
mn-qu	1
mn-ro	1
mn-sco	1
mn-sh	1
mn-si	1
mn-tr	1
ms-nds	1
ms-qu	1
ms-sah	1
ms-sco	1
ms-sh	1
ms-si	1
ms-tt	1
nds-pl	1
nds-pt	1
nds-qu	1
nds-ro	1
nds-ru	1
nds-sah	1
nds-sco	1
nds-sh	1
nds-si	1
nds-tr	1
nds-tt	1
nds-zh	1
pl-sah	1
pl-sco	1
pl-si	1
pt-qu	1
pt-sah	1
pt-sco	1
pt-si	1
pt-tt	1
qu-ro	1
qu-sah	1
qu-sco	1
qu-sh	1
qu-si	1
qu-tr	1
qu-tt	1
ro-sah	1
ro-sco	1
ro-si	1
ro-tt	1
ru-si	1
sah-sco	1
sah-sh	1
sah-si	1
sah-tr	1
sco-sh	1
sco-si	1
sco-tr	1
sco-tt	1
sco-zh	1
sh-si	1
sh-tr	1
sh-tt	1
sh-zh	1
si-tr	1
si-tt	1
si-zh	1
crh-gag	1
crh-tkr	1
gag-ru	1
gag-tkr	1
tkr-tr	1
az-ja	1
crh-de	1
crh-fr	1
crh-la	1
be-csl	1
be-grc	1
bg-csl	1
csl-cu	1
csl-en	1
csl-grc	1
csl-la	1
csl-ru	1
csl-uk	1
ba-grc	1
ba-tr	1
grc-tt	1
ba-crh	1
crh-krc	1
bar-ru	1
bas-ja	1
bas-moz	1
hu-rue	1
en-gv	1
ga-gv	1
gv-ru	1
lt-rue	1
ru-sgs	1
rue-sgs	1
lol-ru	1
qya-ru	1
qya-uk	1
en-rom	1
fr-rom	1
it-rom	1
lt-rom	1
lt-sh	1
rom-ru	1
rom-sh	1
rom-uk	1
cu-eo	1
be-sh	1
be-sr	1
be-lol	1
lol-uk	1
be-bxr	1
bxr-en	1
bxr-ru	1
bxr-tr	1
bxr-uk	1
be-fi	1
be-zh	1
be-ce	1
be-el	1
be-ka	1
be-kbd	1
be-krl	1
be-os	1
ce-de	1
ce-el	1
ce-et	1
ce-fi	1
ce-ka	1
ce-kbd	1
ce-krl	1
ce-lt	1
ce-lv	1
ce-os	1
ce-pl	1
ce-sr	1
ce-tt	1
ce-uk	1
de-kbd	1
de-krl	1
de-os	1
el-ka	1
el-kbd	1
el-krl	1
el-lt	1
el-os	1
et-ka	1
et-kbd	1
et-lt	1
et-lv	1
et-os	1
et-pl	1
et-sr	1
et-tt	1
et-uk	1
fi-ka	1
fi-kbd	1
fi-lt	1
fi-os	1
fi-tt	1
ka-kbd	1
ka-krl	1
ka-lt	1
ka-lv	1
ka-os	1
ka-sr	1
ka-tt	1
kbd-krl	1
kbd-lt	1
kbd-lv	1
kbd-os	1
kbd-sr	1
kbd-uk	1
krl-lt	1
krl-lv	1
krl-os	1
krl-pl	1
krl-ru	1
krl-sr	1
krl-tt	1
krl-uk	1
lt-os	1
lt-sr	1
lv-os	1
os-pl	1
os-sr	1
os-tt	1
os-uk	1
sr-tt	1
be-da	1
gag-uk	1
bg-tg	1
bg-uz	1
bs-tg	1
bs-uz	1
fr-tg	1
tg-tr	1
bg-bln	1
bln-de	1
bln-en	1
bln-sv	1
bg-crh	1
bg-sk	1
ca-gsw	1
ca-ka	1
ca-xmf	1
de-gd	1
de-xmf	1
es-xmf	1
fr-xmf	1
gd-gsw	1
gd-ka	1
gd-la	1
gd-xmf	1
gsw-ja	1
gsw-ka	1
gsw-uk	1
gsw-xmf	1
ja-ka	1
ja-xmf	1
ka-la	1
la-xmf	1
uk-xmf	1
bua-lol	1
bxr-chr	1
bxr-fi	1
bxr-mn	1
bxr-nv	1
chr-fi	1
chr-mn	1
chr-nv	1
chr-ru	1
fi-mn	1
fi-nv	1
mn-nv	1
nv-ru	1
ce-nl	1
ckt-kca	1
ckt-yrk	1
kca-yrk	1
eo-tt	1
cs-tt	1
cs-lt	1
simple-tr	1
egy-el	1
egy-en	1
egy-ga	1
egy-grc	1
egy-ia	1
egy-ja	1
egy-la	1
egy-uk	1
el-ia	1
ga-grc	1
ga-ia	1
ga-la	1
ia-uk	1
he-kbd	1
kbd-la	1
cu-el	1
cv-en	1
cv-de	1
hy-no	1
da-lt	1
da-ppl	1
de-ppl	1
fo-ppl	1
fr-ppl	1
is-ppl	1
la-ppl	1
ppl-sv	1
hy-nl	1
en-myv	1
hu-myv	1
myv-ru	1
en-lol	1
fr-qya	1
la-qya	1
la-sjn	1
kv-ru	1
krc-tr	1
inh-ru	1
lt-sl	1
en-mhr	1
la-lv	1
nds-simple	1
ja-os	1
de-pdt	1
en-pdt	1
ru-ta	1
ru-te	1
egy-ru	1
ru-yrk	1
fa-uz	1
ru-wuu	1
ltg-lv	1
ltg-ru	1
es-kbd	1
gl-simple	1
hy-lad	1
lad-yi	1
he-uz	1
ru-rut	1
en-koi	1
koi-ru	1
en-xal	1
ru-xal	1
et-ja	1
en-krc	1
en-tyv	1
en-yrk	1
en-ug	1
ru-ug	1
en-rut	1
la-lt	1
hy-la	1
lt-zh	1
la-sl	1
en-kum	1
kum-ru	1
en-inh	1
en-war	1
fa-ka	1
en-udm	1
jv-tl	1
es-udm	1
he-lv	1
koi-kv	1
lbe-ru	1
ru-sel	1
gl-nah	1
grc-sh	1
es-jam	1
jam-simple	1
kk-simple	1
ne-no	1
cmn-cs	1
cmn-de	1
cmn-sk	1
fo-no	1
fo-sk	1
eo-hi	1
hi-sk	1
fr-so	1
ja-win	1
moz-win	1
af-sr	1
aln-bs	1
aln-de	1
aln-en	1
aln-hr	1
aln-sq	1
aln-sr	1
bs-sq	1
hr-simple	1
mk-simple	1
sh-simple	1
ar-sr	1
hu-hy	1
bs-nn	1
hr-nn	1
nn-sr	1
bs-la	1
bs-gsw	1
gsw-sh	1
gsw-sr	1
eo-sh	1
sh-sq	1
no-sh	1
cu-sh	1
es-os	1
fr-os	1
kk-sr	1
ru-szl	1
szl-uk	1
dty-en	1
ase-gom	1
ase-gom-deva	1
ase-gom-latn	1
ase-jam	1
gom-gom-deva	1
gom-gom-latn	1
gom-jam	1
gom-deva-gom-latn	1
gom-deva-jam	1
gom-latn-jam	1
aiq-bhh	1
aiq-deh	1
aiq-fa	1
aiq-haz	1
aiq-jdt	1
aiq-jpr	1
aiq-pes	1
aiq-phv	1
aiq-prs	1
aiq-tg	1
aiq-ttt	1
bhh-deh	1
bhh-fa	1
bhh-haz	1
bhh-jdt	1
bhh-jpr	1
bhh-pes	1
bhh-phv	1
bhh-prs	1
bhh-tg	1
bhh-ttt	1
deh-fa	1
deh-haz	1
deh-jdt	1
deh-jpr	1
deh-pes	1
deh-phv	1
deh-prs	1
deh-tg	1
deh-ttt	1
fa-haz	1
fa-jdt	1
fa-jpr	1
fa-phv	1
fa-ttt	1
haz-jdt	1
haz-jpr	1
haz-pes	1
haz-phv	1
haz-prs	1
haz-tg	1
haz-ttt	1
jdt-jpr	1
jdt-pes	1
jdt-phv	1
jdt-prs	1
jdt-tg	1
jdt-ttt	1
jpr-pes	1
jpr-phv	1
jpr-prs	1
jpr-tg	1
jpr-ttt	1
pes-phv	1
pes-ttt	1
phv-prs	1
phv-tg	1
phv-ttt	1
prs-ttt	1
tg-ttt	1
ceb-fr	1
alt-atv	1
crh-lt	1
crh-ota	1
crh-otk	1
en-ts	1
CSB-en	1
tr-tyv	1
en-ty	1
fr-ty	1
en-gmh	1
en-goh	1
gmh-goh	1
gmh-hr	1
gmh-kk	1
gmh-lt	1
gmh-lv	1
gmh-ota	1
gmh-otk	1
gmh-ru	1
gmh-tr	1
gmh-tt	1
gmh-uk	1
goh-hr	1
goh-kk	1
goh-lt	1
goh-lv	1
goh-ota	1
goh-otk	1
goh-ru	1
goh-tr	1
goh-tt	1
goh-uk	1
hr-lt	1
hr-ota	1
hr-otk	1
ota-tt	1
otk-tt	1
en-skr	1
kaa-uk	1
en-wuu	1
wuu-zh-CN	1
wuu-zh-TW	1
alt-az	1
alt-ba	1
alt-bua	1
alt-cng	1
alt-cv	1
alt-dng	1
alt-ers	1
alt-evn	1
alt-gqi	1
alt-kjh	1
alt-kk	1
alt-krc	1
alt-ky	1
alt-mn	1
alt-mvm	1
alt-nmy	1
alt-pmi	1
alt-pmj	1
alt-qvy	1
alt-qxs	1
alt-sah	1
alt-sxg	1
alt-tk	1
alt-tt	1
alt-txg	1
alt-tyv	1
alt-ug	1
alt-uz	1
alt-xal	1
alt-zh	1
alt-zhb	1
az-bua	1
az-cng	1
az-dng	1
az-ers	1
az-evn	1
az-gqi	1
az-kjh	1
az-krc	1
az-mvm	1
az-nmy	1
az-pmi	1
az-pmj	1
az-qvy	1
az-qxs	1
az-sxg	1
az-txg	1
az-tyv	1
az-ug	1
az-xal	1
az-zhb	1
ba-bua	1
ba-cng	1
ba-cv	1
ba-dng	1
ba-ers	1
ba-evn	1
ba-gqi	1
ba-kjh	1
ba-mvm	1
ba-nmy	1
ba-pmi	1
ba-pmj	1
ba-qvy	1
ba-qxs	1
ba-sxg	1
ba-tk	1
ba-txg	1
ba-tyv	1
ba-ug	1
ba-xal	1
ba-zh	1
ba-zhb	1
bua-cng	1
bua-cv	1
bua-dng	1
bua-ers	1
bua-evn	1
bua-gqi	1
bua-kjh	1
bua-kk	1
bua-krc	1
bua-ky	1
bua-mvm	1
bua-nmy	1
bua-pmi	1
bua-pmj	1
bua-qvy	1
bua-qxs	1
bua-sah	1
bua-sxg	1
bua-tk	1
bua-tt	1
bua-txg	1
bua-tyv	1
bua-ug	1
bua-uz	1
bua-xal	1
bua-zh	1
bua-zhb	1
cng-cv	1
cng-dng	1
cng-ers	1
cng-evn	1
cng-gqi	1
cng-kjh	1
cng-kk	1
cng-krc	1
cng-ky	1
cng-mn	1
cng-mvm	1
cng-nmy	1
cng-pmi	1
cng-pmj	1
cng-qvy	1
cng-qxs	1
cng-sah	1
cng-sxg	1
cng-tk	1
cng-tt	1
cng-txg	1
cng-tyv	1
cng-ug	1
cng-uz	1
cng-xal	1
cng-zh	1
cng-zhb	1
cv-dng	1
cv-ers	1
cv-evn	1
cv-gqi	1
cv-kjh	1
cv-krc	1
cv-mvm	1
cv-nmy	1
cv-pmi	1
cv-pmj	1
cv-qvy	1
cv-qxs	1
cv-sxg	1
cv-tk	1
cv-txg	1
cv-tyv	1
cv-ug	1
cv-uz	1
cv-xal	1
cv-zhb	1
dng-ers	1
dng-evn	1
dng-gqi	1
dng-kjh	1
dng-kk	1
dng-krc	1
dng-ky	1
dng-mn	1
dng-mvm	1
dng-nmy	1
dng-pmi	1
dng-pmj	1
dng-qvy	1
dng-qxs	1
dng-sah	1
dng-sxg	1
dng-tk	1
dng-tt	1
dng-txg	1
dng-tyv	1
dng-ug	1
dng-uz	1
dng-xal	1
dng-zh	1
dng-zhb	1
ers-evn	1
ers-gqi	1
ers-kjh	1
ers-kk	1
ers-krc	1
ers-ky	1
ers-mn	1
ers-mvm	1
ers-nmy	1
ers-pmi	1
ers-pmj	1
ers-qvy	1
ers-qxs	1
ers-sah	1
ers-sxg	1
ers-tk	1
ers-tt	1
ers-txg	1
ers-tyv	1
ers-ug	1
ers-uz	1
ers-xal	1
ers-zh	1
ers-zhb	1
evn-gqi	1
evn-kjh	1
evn-kk	1
evn-krc	1
evn-ky	1
evn-mn	1
evn-mvm	1
evn-nmy	1
evn-pmi	1
evn-pmj	1
evn-qvy	1
evn-qxs	1
evn-sah	1
evn-sxg	1
evn-tk	1
evn-tt	1
evn-txg	1
evn-tyv	1
evn-ug	1
evn-uz	1
evn-xal	1
evn-zh	1
evn-zhb	1
gqi-kjh	1
gqi-kk	1
gqi-krc	1
gqi-ky	1
gqi-mn	1
gqi-mvm	1
gqi-nmy	1
gqi-pmi	1
gqi-pmj	1
gqi-qvy	1
gqi-qxs	1
gqi-sah	1
gqi-sxg	1
gqi-tk	1
gqi-tt	1
gqi-txg	1
gqi-tyv	1
gqi-ug	1
gqi-uz	1
gqi-xal	1
gqi-zh	1
gqi-zhb	1
kjh-kk	1
kjh-krc	1
kjh-ky	1
kjh-mn	1
kjh-mvm	1
kjh-nmy	1
kjh-pmi	1
kjh-pmj	1
kjh-qvy	1
kjh-qxs	1
kjh-sah	1
kjh-sxg	1
kjh-tk	1
kjh-tt	1
kjh-txg	1
kjh-tyv	1
kjh-ug	1
kjh-uz	1
kjh-xal	1
kjh-zh	1
kjh-zhb	1
kk-krc	1
kk-mvm	1
kk-nmy	1
kk-pmi	1
kk-pmj	1
kk-qvy	1
kk-qxs	1
kk-sxg	1
kk-txg	1
kk-xal	1
kk-zhb	1
krc-mn	1
krc-mvm	1
krc-nmy	1
krc-pmi	1
krc-pmj	1
krc-qvy	1
krc-qxs	1
krc-sah	1
krc-sxg	1
krc-tk	1
krc-txg	1
krc-tyv	1
krc-ug	1
krc-xal	1
krc-zh	1
krc-zhb	1
ky-mvm	1
ky-nmy	1
ky-pmi	1
ky-pmj	1
ky-qvy	1
ky-qxs	1
ky-sxg	1
ky-txg	1
ky-tyv	1
ky-xal	1
ky-zhb	1
mn-mvm	1
mn-nmy	1
mn-pmi	1
mn-pmj	1
mn-qvy	1
mn-qxs	1
mn-sxg	1
mn-tk	1
mn-txg	1
mn-tyv	1
mn-ug	1
mn-xal	1
mn-zhb	1
mvm-nmy	1
mvm-pmi	1
mvm-pmj	1
mvm-qvy	1
mvm-qxs	1
mvm-sah	1
mvm-sxg	1
mvm-tk	1
mvm-tt	1
mvm-txg	1
mvm-tyv	1
mvm-ug	1
mvm-uz	1
mvm-xal	1
mvm-zh	1
mvm-zhb	1
nmy-pmi	1
nmy-pmj	1
nmy-qvy	1
nmy-qxs	1
nmy-sah	1
nmy-sxg	1
nmy-tk	1
nmy-tt	1
nmy-txg	1
nmy-tyv	1
nmy-ug	1
nmy-uz	1
nmy-xal	1
nmy-zh	1
nmy-zhb	1
pmi-pmj	1
pmi-qvy	1
pmi-qxs	1
pmi-sah	1
pmi-sxg	1
pmi-tk	1
pmi-tt	1
pmi-txg	1
pmi-tyv	1
pmi-ug	1
pmi-uz	1
pmi-xal	1
pmi-zh	1
pmi-zhb	1
pmj-qvy	1
pmj-qxs	1
pmj-sah	1
pmj-sxg	1
pmj-tk	1
pmj-tt	1
pmj-txg	1
pmj-tyv	1
pmj-ug	1
pmj-uz	1
pmj-xal	1
pmj-zh	1
pmj-zhb	1
qvy-qxs	1
qvy-sah	1
qvy-sxg	1
qvy-tk	1
qvy-tt	1
qvy-txg	1
qvy-tyv	1
qvy-ug	1
qvy-uz	1
qvy-xal	1
qvy-zh	1
qvy-zhb	1
qxs-sah	1
qxs-sxg	1
qxs-tk	1
qxs-tt	1
qxs-txg	1
qxs-tyv	1
qxs-ug	1
qxs-uz	1
qxs-xal	1
qxs-zh	1
qxs-zhb	1
sah-sxg	1
sah-tk	1
sah-txg	1
sah-tyv	1
sah-ug	1
sah-xal	1
sah-zhb	1
sxg-tk	1
sxg-tt	1
sxg-txg	1
sxg-tyv	1
sxg-ug	1
sxg-uz	1
sxg-xal	1
sxg-zh	1
sxg-zhb	1
tk-txg	1
tk-tyv	1
tk-xal	1
tk-zh	1
tk-zhb	1
tt-txg	1
tt-tyv	1
tt-xal	1
tt-zhb	1
txg-tyv	1
txg-ug	1
txg-uz	1
txg-xal	1
txg-zh	1
txg-zhb	1
tyv-ug	1
tyv-uz	1
tyv-xal	1
tyv-zh	1
tyv-zhb	1
ug-xal	1
ug-zhb	1
uz-xal	1
uz-zh	1
uz-zhb	1
xal-zh	1
xal-zhb	1
zh-zhb	1
ko-yue	1
lzh-ru	1
nan-zh-Hans	1
nan-zh-Hant	1
cmn-nan	1
lzh-zh-hant	1
lzh-pas	1
pas-zh	1
zh-zh-hans	1
id-nan	1
ja-zh-Hans	1
ja-zh-Hant	1
en-sim	1
sim-yue	1
sim-zh	1
en-tay	1
tay-zh	1
en-zh-tw	1
lzh-zh-Hans	1
lzh-ms	1
ja-zh-CN	1
lzh-nan	1
af-zu	1
en-zu	1
fr-zu	1
